	Professor	Average_grade	Ratings	Difficulty	Num_reviews
1	Chang	4.0	4.5	2.0	29
2	Moghimi	4.0	5.0	2.0	6
3	van Es	4.0000001192092896	3.9	2.8	82
4	Sauer	3.700000047683716	5.0	1.9	4
5	Riley	3.324999988079071	5.0	3.0	12
6	Van Es	4.0000001192092896	3.9	2.8	82
7	Szpiro	3.5666666825612388	4.0	2.0	1
8	Alexander	3.574999988079071	3.8	3.3	30
9	MacMahon	3.299999952316284	4.5	3.4	44
10	Kourkoutis	3.299999952316284	4.8	3.5	7
11	Wickham	3.299999952316284	3.2	3.6	20
12	Fuchs	3.75	4.7	2.1	60
13	Wise	3.299999952316284	4.4	4.0	10
14	Kriner	3.299999952316284	3.9	3.4	18
16	Stacey	3.299999952316284	4.0	3.6	13
17	Nicholson	3.6800000190734865	4.8	2.8	26
18	Goldfarb	3.299999952316284	1.3	4.9	10
19	March	3.649999976158142	2.7	3.3	10
21	Howarth	3.149999976158142	3.9	2.4	12
22	St. Juliana	3.5	3.3	3.5	4
23	Searle	3.299999952316284	4.7	2.3	3
24	Campbell	3.299999952316284	4.1	4.3	31
25	Huffaker	3.299999952316284	3.5	3.9	36
26	Tumbar	3.299999952316284	4.4	3.2	13
27	Fromme	3.299999952316284	4.5	3.1	9
28	Liu	3.649999976158142	4.3	3.1	12
29	Blake	3.149999976158142	4.4	3.3	6
30	Blankenship	3.649999976158142	4.1	3.6	44
31	Winans	3.299999952316284	4.0	3.1	20
32	Scheinberg	3.299999952316284	3.4	3.3	7
33	Doerschuk	3.299999952316284	2.7	3.5	15
34	Saikia	3.299999952316284	3.9	3.4	8
35	Entner	3.5	2.4	2.8	51
36	Giles	3.299999952316284	3.5	4.7	11
37	Daziano	3.5	3.5	4.0	2
38	Lorey	3.224999964237213	5.0	3.9	9
39	Davis	3.614285707473755	4.0	3.2	43
40	Kinsland	3.074999988079071	3.1	4.0	27
42	Lin	3.299999952316284	4.3	2.5	15
44	Milner	3.299999952316284	3.5	3.8	62
45	Ezra	3.299999952316284	2.8	4.6	8
46	Wilson	3.299999952316284	4.1	3.6	9
47	Varner	4.0	4.1	2.6	9
48	Duncan	3.0	4.4	4.0	56
49	Paszek	3.299999952316284	3.5	2.0	1
50	Hormozi	3.149999976158142	1.0	1.5	2
51	Schuldt	3.299999952316284	4.5	3.0	6
52	Schmidt	3.299999952316284	2.7	3.4	47
53	Sen	3.5666666825612388	2.8	3.1	25
54	White	3.574999988079071	4.6	3.3	117
55	Schalekamp	3.399999976158142	5.0	2.8	16
56	van Zuylen	3.2399999618530275	4.0	4.3	16
57	Clarkson	3.375	5.0	4.0	33
58	Foster	3.4333333174387612	4.5	4.0	20
59	Hsu	3.299999952316284	3.3	3.4	52
60	Bracy	3.299999952316284	3.4	3.9	57
61	Alvisi	3.149999976158142	2.5	4.5	29
62	Birman	3.649999976158142	3.4	3.1	36
63	Hirsh	3.299999952316284	3.1	2.5	13
64	Selman	3.649999976158142	2.4	2.6	18
65	van Schijndel	3.5	3.8	4.3	5
66	Lee	3.1799999713897704	3.4	3.2	30
67	Schijndel	3.299999952316284	3.8	4.3	5
68	Damle	3.299999952316284	4.9	3.5	5
69	Sun	3.299999952316284	3.6	2.5	8
70	Chattopadhyay	3.299999952316284	5.0	2.9	6
71	Kleinberg	3.5799999713897703	5.0	2.6	31
72	Kozen	3.5	4.4	3.6	31
73	Tardos	3.299999952316284	3.6	3.0	12
75	Pryor	3.299999952316284	5.0	4.0	3
76	DeGaetano	3.5	4.3	3.3	8
77	Mahowald	3.649999976158142	3.9	2.2	8
78	Helbling	3.299999952316284	2.4	4.8	8
79	Zhang	3.5666666825612388	5.0	4.0	18
80	Wagner	3.5	4.5	2.1	9
81	Sanders	3.3799999713897706	4.9	2.9	36
82	Thomas	3.3199999809265135	2.7	4.4	149
83	Wissink	3.299999952316284	3.4	3.3	296
84	Kircher	3.299999952316284	4.0	3.0	1
86	Taschereau-Dumouchel	3.299999952316284	3.0	2.4	4
88	McKee	3.5666666825612388	4.2	3.5	33
89	Denti	3.299999952316284	3.0	3.9	7
90	O'Donoghue	3.5666666825612388	4.6	3.3	28
92	Van Dover	3.5666666825612388	4.3	2.9	14
93	Matthias	3.299999952316284	4.5	3.5	22
94	Kreps	3.5	3.9	3.1	8
96	Tang	3.5	3.8	2.9	4
97	MacAusland	3.4333333174387612	3.5	3.9	16
98	McAusland	3.299999952316284	2.9	2.7	25
99	Roberts	3.5666666825612388	5.0	2.6	10
100	McCarthy	3.4333333174387612	3.1	2.6	42
101	Odom-Reed	3.299999952316284	2.1	4.6	16
102	Stewart-Harris	3.299999952316284	3.3	4.0	4
103	iyer	3.299999952316284	3.0	2.7	3
104	Carvell	3.299999952316284	4.4	2.4	7
105	Gaulke	3.5	3.2	3.6	33
108	Chervinsky	3.299999952316284	2.3	2.3	3
109	Weil	3.299999952316284	3.2	3.6	35
110	Falk	3.299999952316284	3.0	4.4	44
111	Florea	3.299999952316284	4.5	3.9	7
112	Hutchens	3.299999952316284	4.4	2.7	19
113	Smith	3.4625000059604645	4.5	2.8	22
114	Litwin	3.299999952316284	3.4	3.1	9
115	Easley	3.5666666825612388	4.8	3.0	40
116	Mimno	3.299999952316284	4.0	3.6	6
117	Koenecke	3.299999952316284	5.0	3.0	1
118	Kirby	3.649999976158142	4.3	3.3	10
119	Tian	3.5	2.8	3.4	3
120	Ritz	3.140000009536743	3.0	4.0	59
121	Fisher	3.8000000715255737	4.6	2.8	11
122	Schmultzer	3.7666666507720947	4.5	3.0	2
124	Iyer	3.299999952316284	3.0	2.7	3
126	Nussbaum	3.299999952316284	2.0	4.0	29
127	Ruina	3.299999952316284	2.9	3.5	58
128	Connelly	3.299999952316284	2.2	3.6	63
129	Manning	3.299999952316284	3.5	1.5	2
130	Belk	3.299999952316284	5.0	3.5	4
131	Delp	3.2399999618530275	4.4	3.5	38
132	Elek	3.0	4.4	2.6	64
133	Sjamaar	3.299999952316284	4.1	4.0	23
134	Strogatz	3.5666666825612388	4.6	2.9	49
135	Townsend	3.299999952316284	4.4	4.0	28
136	West	3.299999952316284	1.3	2.0	3
137	Templier	3.299999952316284	1.8	2.9	4
138	Dozier	3.299999952316284	3.3	3.1	43
139	Berest	3.199999968210856	2.8	3.4	36
141	Hubbard	3.7666666507720947	3.9	4.1	17
142	Healey	3.299999952316284	4.8	3.0	25
143	Vladimirsky	3.5666666825612388	3.9	4.1	18
144	Swartz	3.4333333174387612	4.0	3.0	5
145	Lewis	3.633333365122477	4.3	3.4	13
147	Harris	3.649999976158142	4.3	4.0	16
148	Saloff-Coste	3.299999952316284	2.6	3.6	16
149	Nadeau	3.299999952316284	2.5	3.3	49
150	Zywina	3.299999952316284	4.8	2.9	12
151	Clark	3.299999952316284	5.0	4.0	33
152	Robinson	3.649999976158142	1.5	3.2	4
153	Benedek	3.299999952316284	4.3	1.9	55
154	Moseley	3.75	2.9	2.9	15
155	C. Monroe	3.299999952316284	2.6	3.4	7
156	Levitsky	3.299999952316284	4.0	2.5	99
157	Michael	3.299999952316284	2.5	4.3	25
158	Wolf	3.649999976158142	2.1	3.8	44
159	Callister	3.8888889418707953	3.5	2.0	121
160	Gennedy	3.299999952316284	2.0	5.0	1
161	Dai	3.149999976158142	4.3	3.9	140
162	Tripp	3.299999952316284	5.0	2.9	15
163	Evans	3.7666666507720947	4.3	2.3	31
164	Avery	3.299999952316284	3.6	3.7	62
165	Korzukhin	3.299999952316284	1.0	3.9	4
166	Shen	3.299999952316284	4.9	3.9	34
168	Mueller	3.6666666666666665	3.3	3.4	24
169	Liepe	3.5	4.5	3.5	22
170	Kim	3.800000047683716	3.3	4.4	15
171	Bazarov	3.299999952316284	3.4	4.3	10
172	Giambattista	3.4333333174387612	4.1	3.9	24
173	Case	3.5	4.6	3.6	28
174	Xu	3.4333333174387612	4.0	3.9	14
175	Arias	3.299999952316284	4.5	3.5	53
176	Bauerle	3.299999952316284	4.0	3.4	14
177	Segal	3.850000023841858	4.6	2.8	82
178	Gilovich	3.5	4.4	3.8	69
179	Park	3.299999952316284	2.6	2.7	8
182	McAdams (and others)	3.299999952316284	4.4	1.6	16
183	Amigo-Silvestre	3.299999952316284	3.6	3.8	26
185	Bevia  	3.299999952316284	4.8	3.8	21
186	Abbott	3.299999952316284	4.3	1.9	109
187	Packard	3.299999952316284	2.2	3.8	49
188	Karns	3.649999976158142	2.9	2.9	45
189	Butcher	3.299999952316284	3.5	3.5	2
190	Fiddler	3.299999952316284	5.0	4.0	1
191	Figueroa	3.299999952316284	4.0	2.4	7
192	Monger	3.660000038146973	4.9	2.0	81
193	Wysocki	3.0166666905085244	4.5	3.3	38
194	Levine	3.700000047683716	4.8	2.6	15
195	Moridi	2.700000047683716	1.0	3.5	2
196	Tantillo	2.700000047683716	4.1	4.0	24
197	Bischoff	4.0	4.3	3.1	24
198	Schnabel	4.0	4.9	1.6	4
200	Kusse	3.5666666825612388	4.4	4.0	29
202	Weiland	3.0	4.9	2.9	20
203	Linder	3.0	3.9	2.1	65
204	Buchon	3.0	4.6	3.9	32
205	Selvaraj	3.0	3.6	4.6	43
206	Shapleigh	3.0	3.6	2.6	5
207	Soloway	3.0	2.6	3.6	5
208	Gilbert	3.0	3.9	3.8	41
210	Fox	3.0	4.5	3.6	46
211	Goldberg	3.0	2.5	4.3	25
212	Richards	3.6500000953674316	4.4	2.6	12
213	Cowen	3.3333333333333335	4.1	3.6	9
214	DiStasio	3.0	4.3	3.3	24
215	Coates	3.0	4.8	3.5	43
216	Lambert	3.5	4.6	2.1	7
217	Ganem	3.0	3.7	3.8	114
218	Fors	3.0	2.9	4.2	30
219	Yu	3.175000011920929	1.8	3.9	11
220	Olson	3.0	1.0	4.5	2
221	Fan	3.2333333492279053	4.3	3.9	140
222	Gries	3.0	3.4	3.4	129
223	Muhlberger	3.0	3.0	4.0	17
224	Myers	3.633333365122477	3.6	4.1	36
225	Silva	3.7666667302449546	4.9	2.1	25
226	Eichhorn	3.0	4.3	2.7	99
227	Hedge	3.0	2.2	2.8	12
229	Zhao	3.0	5.0	3.5	2
230	El-Ghazaly	3.0	2.7	3.7	3
231	Stoye	3.0	4.3	3.6	9
232	Wilmers	3.0	2.8	3.6	18
233	Yeo	3.0	3.7	3.7	24
234	Dev	3.350000023841858	5.0	3.5	69
236	Jacobson	3.0	3.2	3.8	133
237	Zehnder	3.0	4.1	2.6	10
239	Barbasch	3.0	2.8	4.1	29
240	Pollock	3.0	4.5	3.1	14
241	Poitras	3.6500000953674316	4.3	3.6	42
242	Barabash	3.0	1.8	3.5	8
244	Kassabov	3.5	2.5	4.5	14
245	Quigley 	3.0	2.1	3.9	62
246	Esmaily	3.350000023841858	3.8	3.8	6
247	MacDonald	3.350000023841858	4.3	3.8	6
248	Hyde	3.0	3.8	3.4	3
249	Speh	3.0	2.0	3.4	20
250	Thompson	3.0	2.1	4.1	19
251	Henderson	3.0	4.4	3.5	27
252	Giambattista 	3.0	4.1	3.9	24
253	 Taylor	3.0	3.0	3.0	17
254	Hoffstaetter	3.0	2.9	4.0	12
255	DeVoogd	3.0	3.6	4.3	35
257	Chazal	3.0	2.3	4.1	8
258	Hwang	4.300000190734863	3.2	2.8	12
260	Corey Earle	4.300000190734863	4.7	1.3	3
261	Villenas	4.300000190734863	4.4	2.9	4
262	Raheja	4.0	2.3	3.5	6
264	Fuhrmann	4.300000190734863	4.5	2.0	2
265	Datta	4.300000190734863	4.5	3.0	22
266	Bemis	4.150000095367432	4.1	2.6	30
267	Linster	4.300000190734863	4.1	3.0	6
268	Sauve	4.300000190734863	3.9	3.2	34
269	Brito	4.300000190734863	3.8	3.6	65
270	Hunt	4.300000190734863	2.1	4.1	28
272	Trummer	4.000000079472859	3.3	3.3	14
273	Wells	4.300000190734863	3.3	3.4	12
274	Lohman	4.150000095367432	5.0	2.4	6
275	Loss	4.150000095367432	2.8	2.3	4
277	Anderson	4.100000063578288	4.7	2.6	13
278	Christen	4.300000190734863	5.0	2.4	4
279	Cleare	4.300000190734863	4.7	1.5	17
280	Diaz	4.300000190734863	5.0	3.0	1
281	Ngugi	4.300000190734863	5.0	4.0	1
283	f	4.150000095367432	3.0	4.4	44
284	Noack	4.300000190734863	3.8	1.6	10
286	Di Russo	4.300000190734863	4.5	2.9	37
287	DiRusso	4.300000190734863	5.0	2.5	31
288	Sparhuber	4.300000190734863	5.0	3.0	1
289	Berry	4.300000190734863	3.7	2.8	9
291	Carmalt	4.300000190734863	5.0	2.0	17
292	Nixon	3.850000023841858	4.3	2.1	30
293	Oliveira	4.300000190734863	3.7	1.2	12
294	Pizarro	4.150000095367432	4.8	2.3	74
295	Werth	4.150000095367432	4.5	2.9	35
297	Leuenberger	4.0000001192092896	3.0	2.1	10
298	Perez	3.700000047683716	2.8	2.8	135
299	Addoum 	3.700000047683716	4.0	3.8	3
300	Curtis	3.700000047683716	3.0	3.3	133
301	Rickard	3.700000047683716	3.5	3.1	13
302	Shu	3.700000047683716	3.9	3.4	9
303	Scur	3.700000047683716	4.8	3.0	3
304	Lenox	3.700000047683716	4.5	3.8	19
306	Klausner	3.850000023841858	3.6	3.5	31
307	Sherwyn	3.700000047683716	3.5	3.0	4
308	Mani	3.700000047683716	3.0	3.6	56
309	Kaiser	3.700000047683716	4.1	1.7	7
310	Pollack	3.700000047683716	3.0	3.1	16
311	Baptist	3.700000047683716	3.8	3.4	19
312	Allen	3.700000047683716	5.0	3.8	31
315	Son	3.700000047683716	4.4	3.7	12
316	Tagliacozzo	3.700000047683716	4.9	2.5	31
317	Squyres	3.700000047683716	4.5	2.9	25
318	Riechers	3.700000047683716	4.0	2.0	1
319	Lloyd	3.850000023841858	3.5	3.5	19
320	Walter	3.700000047683716	4.9	3.1	14
321	Roberson 	3.700000047683716	2.4	4.0	85
322	 Sethupathy	3.700000047683716	2.5	4.5	2
323	Hernandez	3.700000047683716	2.5	4.1	9
324	Mao	3.700000047683716	2.5	3.5	2
325	Buckley	3.700000047683716	5.0	3.4	7
326	Dietz	3.700000047683716	4.1	3.0	106
328	Adie	3.700000047683716	1.9	4.0	48
329	Hinrichs	3.700000047683716	4.0	3.4	9
330	Bunea	3.700000047683716	3.3	3.3	17
331	Kato	3.700000047683716	2.3	3.3	37
332	Li	3.700000047683716	3.9	4.2	13
333	Nair	3.700000047683716	4.0	3.3	102
335	Richardson	3.700000047683716	4.4	2.6	12
336	Ananth	3.700000047683716	4.4	4.2	9
337	Divo	3.700000047683716	4.6	3.4	21
338	George	3.700000047683716	2.7	3.7	38
339	Monroe	3.800000031789144	4.1	2.3	24
340	Humphreys	3.700000047683716	5.0	3.0	1
341	Halpern	3.700000047683716	4.3	3.9	22
342	Napp	3.700000047683716	2.0	2.4	9
343	Sampson	3.700000047683716	4.9	3.6	4
344	Agarwal	3.700000047683716	3.4	3.9	26
345	Marschner	3.700000047683716	3.4	4.1	9
346	Hariharan	3.700000047683716	2.5	2.9	17
347	Knepper	3.700000047683716	2.0	4.0	2
348	De Sa	3.700000047683716	4.4	3.5	11
349	Joachims	3.700000047683716	3.4	3.7	12
350	Dean	3.700000047683716	2.8	4.3	84
351	Ginsparg	3.700000047683716	3.5	3.2	11
352	Shi	3.700000047683716	2.4	2.0	25
353	McMichael	3.700000047683716	2.8	2.9	11
354	Makki	3.700000047683716	4.4	3.2	5
355	Maralani	3.700000047683716	4.4	4.0	3
356	Sipple	3.700000047683716	3.4	3.5	19
357	Lehner	3.850000023841858	4.5	3.0	2
358	Afridi	3.700000047683716	4.9	2.0	21
359	Shealy	3.700000047683716	3.6	4.3	23
360	Tong	3.700000047683716	2.0	3.7	6
361	Albonesi	3.700000047683716	4.3	2.9	26
362	Batten	3.700000047683716	5.0	3.4	13
363	Monticone	3.900000015894572	5.0	3.4	27
364	Wicker	3.850000023841858	4.5	1.8	14
365	Basu	3.775000035762787	4.5	3.1	34
366	?	3.299999952316284	3.5	3.9	145
369	Hay	3.850000023841858	4.3	3.3	22
372	Shmoys	3.700000047683716	4.3	3.1	15
373	Alabi	3.700000047683716	3.3	3.6	92
374	Giometto	3.700000047683716	4.9	2.4	4
375	Hover	3.850000023841858	4.8	3.0	28
376	Regenstein	3.700000047683716	1.4	2.1	12
377	Glidja	3.700000047683716	3.6	3.8	21
378	McQuade	3.700000047683716	4.3	3.8	27
379	Lischke	3.700000047683716	4.6	3.3	31
380	Van de Walle	3.700000047683716	3.5	3.0	23
381	Bateman	3.700000047683716	4.8	3.3	10
382	Marguiles	3.700000047683716	5.0	1.0	1
383	Ozanne	3.700000047683716	3.8	3.3	5
384	Whitmore	3.700000047683716	3.5	4.0	13
385	Chestnut	3.700000047683716	4.0	2.0	2
386	Moulton	3.700000047683716	5.0	3.8	11
387	Chun	3.700000047683716	4.0	2.0	1
388	Lakhani	3.700000047683716	3.3	3.1	46
389	Sternberg	3.800000031789144	3.1	2.5	9
390	K.	3.700000047683716	2.3	2.8	15
391	Loeckenhoff	3.925000011920929	4.3	2.5	14
392	Zayas	3.700000047683716	3.5	4.3	41
394	Alano	3.700000047683716	5.0	3.0	2
395	Minawi	3.700000047683716	4.9	3.3	6
396	Friedland	3.700000047683716	4.6	3.3	18
397	Verhoeven	3.700000047683716	4.6	3.6	13
398	Strauss	3.700000047683716	4.8	3.0	32
399	Gocheleishvili	4.0	4.8	2.3	24
400	Bohns	3.700000047683716	4.6	2.3	25
401	Ivory	4.0	2.2	3.0	9
402	Rissing	3.900000015894572	5.0	2.2	20
403	Homrighouse	3.700000047683716	5.0	2.1	47
404	DeVault	3.700000047683716	4.9	3.1	39
405	Weiner-Heinemann	3.700000047683716	4.9	3.2	18
406	Gold	3.700000047683716	4.0	4.8	64
407	Griffith	3.700000047683716	4.5	3.3	26
408	Entner 	3.700000047683716	2.4	2.8	51
409	Nathan Matias	3.700000047683716	4.0	2.0	1
410	Doing	3.700000047683716	2.6	2.7	8
411	Sengers	3.700000047683716	4.0	2.4	9
412	Diesing	3.700000047683716	5.0	2.0	1
413	Bewley	3.700000047683716	4.2	2.8	26
414	Barthelmie	3.700000047683716	2.0	2.0	1
415	Williamson	3.700000047683716	4.4	2.7	28
416	Strichartz	3.700000047683716	2.2	3.2	18
417	Borum	3.700000047683716	5.0	3.5	2
418	Knutson	3.850000023841858	3.3	4.1	23
420	Finkelstein	3.700000047683716	3.3	3.0	2
421	Frazier	3.700000047683716	4.4	2.4	12
423	Musick	3.700000047683716	4.2	2.5	4
424	Mathios	3.700000047683716	4.8	1.8	130
425	Manne	3.700000047683716	4.1	2.4	7
426	Markovits	3.700000047683716	4.3	2.8	6
427	Nichols	3.850000023841858	4.8	2.8	26
429	Cornwell 	3.700000047683716	4.6	1.7	28
430	Taylor	3.850000023841858	3.0	3.0	17
431	Krasicky	3.700000047683716	4.4	3.5	75
432	Wittich	3.700000047683716	4.3	2.8	8
433	Grossman	3.700000047683716	4.3	3.2	23
434	Gibbons	3.700000047683716	2.1	3.6	45
435	Miller	3.700000047683716	3.0	4.0	36
436	Goldstein	3.850000023841858	4.4	3.4	35
437	Russo	3.700000047683716	2.8	2.0	22
438	Schulze	3.700000047683716	3.4	1.7	29
439	Field	3.700000047683716	4.5	2.6	17
440	Alkire	3.850000023841858	4.8	2.5	20
441	Paperno	3.850000023841858	4.5	3.4	18
443	Mahiques	3.700000047683716	2.5	4.0	5
444	Arias Fuentes	3.700000047683716	5.0	2.7	8
445	Teutli	3.700000047683716	4.9	3.3	21
446	Lawless	3.700000047683716	3.8	3.5	41
447	El Alaoui	3.700000047683716	5.0	2.0	1
448	Guinness	3.700000047683716	2.3	3.9	9
449	Ning	3.700000047683716	5.0	3.1	13
450	Fischbach	3.700000047683716	3.6	2.8	4
451	Cleland	3.850000023841858	3.9	2.3	5
452	Crites	3.850000023841858	4.4	1.0	3
453	Pender	3.700000047683716	2.9	4.4	20
454	Hartman	3.700000047683716	5.0	3.8	3
457	Bell	3.700000047683716	4.4	3.1	15
458	Chen	3.850000023841858	4.5	3.4	14
459	Gubbins	3.700000047683716	4.3	3.0	43
460	Green	3.700000047683716	4.7	2.0	23
462	Powers	3.700000047683716	3.3	3.1	26
463	Blume	3.700000047683716	1.5	3.8	34
464	Seth	3.700000047683716	2.4	3.6	19
465	xu	4.0	4.0	3.9	14
467	Sethuraman	4.0	3.5	3.3	60
468	Shields	4.0	4.2	3.5	147
469	Liaukonyte	4.0	4.0	2.5	2
470	Chu	4.0	4.6	3.4	30
472	Earle	4.0	4.7	1.9	23
473	Washington	4.0	3.2	4.2	6
475	Arcadi	4.0	5.0	2.3	19
476	Ahmann	4.0	4.3	3.0	3
477	Tran	4.0	3.2	3.5	6
478	Campana	4.0	5.0	1.0	1
481	Chernoff	4.0	4.3	3.5	46
482	cs 	4.0	4.3	3.1	7
483	Ma	4.0	3.5	3.9	16
484	Barstow	4.0	3.7	3.1	113
485	Drake	4.0	3.3	3.3	23
487	Fletcher	4.0	3.5	2.0	2
489	Sparks	4.0	4.5	2.9	31
490	Sarvary	4.0	3.8	1.9	38
491	Aquadro	4.0	4.4	2.8	10
493	Kwak	4.0	2.5	3.1	104
494	Hefferon	4.0	3.0	2.0	1
495	Hewson	4.0	3.7	2.2	5
496	Debbie	4.0	3.4	2.8	16
497	Rhoades	4.0	4.5	3.9	59
499	Harrington	4.0	3.9	2.7	9
500	Overby	4.0	4.3	2.3	3
501	Carlson	4.0	4.2	2.8	14
502	Gadikota	4.0	3.9	3.0	8
503	Warner	4.0	3.4	3.1	14
505	Gallagher	4.0	2.8	3.7	79
506	Clary	4.0	5.0	3.1	10
508	Krivitsky	4.0	5.0	4.0	1
509	Pollak	4.0	4.4	2.1	19
510	Campanella	4.0	2.7	2.9	9
511	Williams	4.0	4.4	2.7	28
515	Haym Hirsh	4.0	3.1	2.5	13
516	Noah	4.0	4.4	2.0	4
518	Harwood	4.0	3.7	4.1	71
519	Zadeh	4.0	3.5	3.6	69
520	Giroux	4.0	5.0	2.5	9
521	Leonard	4.0	4.5	1.3	3
522	Paynter	4.0	2.8	3.0	87
523	Degaetano	4.0	4.3	3.3	8
524	Riha	4.0	3.0	4.0	1
525	Ross	4.0	5.0	2.4	30
526	Krishnamurthy	4.0	4.5	3.1	8
527	Leung	4.0	2.5	4.0	2
530	Rhee	4.0	4.9	2.0	5
532	McKenzie	4.0	2.0	3.0	1
534	Luo	4.0	4.6	2.5	6
535	Peck & Sanderson	4.0	3.6	2.6	7
536	Caillaud	4.0	5.0	3.0	19
537	Tarantino	4.0	3.5	3.2	132
538	Nesvaderani	4.0	5.0	2.7	3
539	Menard	4.0	4.6	3.4	12
541	Yigit	4.0	4.3	4.0	13
542	McBride	4.0	4.0	3.0	12
543	Haskins	4.0	4.3	2.0	23
544	Evangelista	4.0	4.0	2.1	21
545	Young	4.0	2.9	2.0	10
546	Kedar	4.0	3.6	3.8	30
547	Hazan	4.0	5.0	2.9	49
548	Ocampo	4.0	4.0	4.0	2
551	Ehrenberg	4.0	4.2	2.3	25
552	Katz	4.0	4.5	4.0	219
553	Nelson	4.0	4.6	1.7	31
554	Levy	4.0	3.9	2.5	10
555	Harms	4.0	2.9	3.1	52
556	Soltoff	4.0	1.0	4.3	4
558	Wittelsbach	4.0	4.9	3.5	66
559	Baraldi	4.0	4.9	1.9	24
561	Mokhtarian	4.0	4.5	3.5	2
562	Song	4.0	4.4	3.7	12
563	Mendia	4.0	2.6	3.8	31
565	Christiansen	4.0	4.3	3.3	19
566	Zec	4.0	3.5	3.0	1
567	Dorit Abusch	4.0	2.0	3.5	11
568	Rooth	4.0	2.1	3.0	5
569	Murray	4.0	2.4	2.5	8
570	Hoffman	4.0	1.0	2.0	1
573	Peraino	4.0	4.3	2.5	15
574	Ernste	4.0	4.3	2.1	7
575	Lewandowski	4.0	4.8	2.8	3
576	Kilburn	4.0	3.9	3.1	67
577	Tenney	4.0	4.6	2.1	7
578	Barrow	4.0	4.0	3.0	1
579	Johnson	4.0	5.0	2.5	7
580	Leak	4.0	5.0	3.0	2
581	Golan	4.0	1.0	4.3	11
582	Gu	4.0	2.5	2.6	11
583	Aydemir	4.0	3.8	3.0	17
584	Nugen	4.0	3.4	4.0	8
585	Rasmussen	4.0	3.5	3.0	2
586	Yavitt	4.0	4.4	1.9	22
587	Reyes	4.0	4.8	3.6	30
588	Ziebarth	4.0	4.2	2.7	3
589	Esposito	4.0	5.0	1.0	2
590	Dietl	4.0	3.8	2.9	156
591	Yost	4.0	5.0	3.0	1
592	Kocurek	4.0	5.0	3.0	1
594	Cohen	4.0	3.6	2.9	10
595	Thorne	4.0	3.6	3.4	26
596	LeClair	4.0	3.5	2.8	37
598	Caldwell	4.0	5.0	1.8	4
599	Swallow	4.0	2.4	3.1	18
600	Weeden	4.0	4.4	3.0	28
601	Hilgartner	4.0	4.0	2.4	25
602	Langwick	4.0	3.4	3.3	10
603	Ratcliff	4.0	2.0	2.4	3
604	Roebuck	4.0	4.4	3.4	8
605	Arnink	4.0	3.6	1.9	9
606	Moss	4.0	3.8	2.5	30
607	Jackson	4.0	3.8	3.0	20
608	Gili	4.0	3.3	3.3	27
609	Hoddinott	4.0	1.0	3.0	1
610	Bellows	4.0	4.0	2.0	2
611	Lujan	4.0	4.5	2.9	10
612	Hendry	4.0	3.0	5.0	1
613	Stephen	4.0	3.8	3.0	20
614	Aguiar	3.299999952316284	5.0	3.4	13
615	Fleming	3.700000047683716	4.3	3.5	39
616	Grimson	3.299999952316284	4.5	3.5	4
617	Smolka	3.299999952316284	2.4	3.6	48
618	Ling	3.0	3.9	4.2	13
619	Weinberger	4.0	4.1	3.5	49
620	Stedman	3.700000047683716	4.9	2.4	5
621	Kraft	3.700000047683716	2.0	3.5	2
622	Boucher	3.700000047683716	3.6	3.5	63
623	Paz	3.5	3.6	3.3	10
624	Fullbright	3.0	5.0	2.6	32
626	Musser	3.0	1.4	5.0	254
627	Holycross	4.300000190734863	4.9	4.4	153
628	Rzeszotarski	4.300000190734863	5.0	2.5	2
629	Sasmita	4.300000190734863	3.1	3.5	32
630	Fennie	3.700000047683716	3.0	3.8	11
631	Teng	3.700000047683716	4.3	3.5	8
633	ok	3.700000047683716	2.2	3.9	10
634	Sabuncu	3.700000047683716	4.0	2.5	2
636	Mettler	3.700000047683716	4.5	3.0	28
637	Chutkow	3.700000047683716	4.6	3.4	30
638	Lowell	3.700000047683716	4.3	2.5	33
639	Pezzotti	3.700000047683716	5.0	2.0	1
640	Nagaraja 	3.700000047683716	2.4	2.9	13
641	Yang	3.850000023841858	5.0	3.1	13
642	Applegate	3.700000047683716	4.3	2.4	24
644	Quigley	3.700000047683716	2.1	3.9	62
645	Juul	3.700000047683716	4.1	1.9	21
646	Randles	3.700000047683716	4.5	2.3	38
647	Udell	3.700000047683716	1.6	4.1	8
648	Bottan	3.700000047683716	3.0	3.5	2
649	Brennan	3.700000047683716	4.2	2.8	17
650	Lyon	3.700000047683716	4.1	3.1	19
651	Franck	3.700000047683716	1.9	3.0	4
652	Gainor	3.700000047683716	4.9	2.4	4
653	Eibenstein-Alvisi	3.700000047683716	3.3	3.9	5
655	Admussen	4.0	4.9	2.4	9
656	Herter	4.0	4.4	1.7	22
658	Gordon	4.0	4.0	3.6	13
659	Doerr	4.0	4.0	2.6	74
660	Zinder	4.0	3.3	3.5	2
661	Rebillard	4.0	2.4	3.4	26
662	Bindel	4.0	5.0	4.0	1
663	Hirschl	4.0	3.1	1.9	35
664	Enyegue	4.0	3.3	2.0	15
665	Kiefer	4.0	2.2	4.0	5
666	Brenda Dietrich	4.0	3.4	4.4	15
667	Boling	4.0	3.8	2.5	16
668	Saleh	4.0	4.8	2.6	28
669	Zhou	4.0	4.7	1.7	3
670	Horner	4.0	3.1	3.0	54
671	Spinazzola	4.0	2.0	3.0	1
672	Rich	4.0	2.5	2.8	90
673	Tach	4.0	5.0	2.3	4
674	Starr	4.0	4.1	2.1	9
675	Black	4.0	2.2	3.9	18
676	Harrison	4.0	2.9	3.5	4
677	Schneider	4.0	2.8	3.6	19
679	Zhu	4.0	2.0	3.2	26
680	Pelliccia	4.0	4.5	4.4	9
681	Frank	3.700000047683716	3.9	2.5	28
682	Brundige	4.0	3.5	1.0	2
683	Ke	3.700000047683716	4.8	3.0	28
684	Mann	3.700000047683716	4.6	3.3	11
685	Bronfenbrenner	4.0	3.5	3.4	19
686	Frith	4.0	1.0	1.0	1
687	R.	4.0	2.8	3.3	93
688	Despic	4.0	4.4	2.5	7
689	Cross	4.0	3.9	3.3	44
690	Hodge	4.0	5.0	1.9	8
